{
 "b0": -0.266372,
 "b1": -0.471343,
 "b2": 5.68789,            
 "b3": -5.12324,           
 "t1": 5.74881,            
 "t2": 4.14426             
 }
